"Timestamp","Imagine that you are walking along a path. What do you see around you?","What do you see near your feet?","You walk along and find water. In what form is the water?","You see a key in the water and you pick it up. What does it look like?","What do you do next?"
"2023/11/16 3:34:18 PM GMT","Forest, so much forest that you can hardly see the sky","A bottle","A waterfall","A beautiful antique key","Walk away. You are not that interested"
"2023/11/16 3:34:19 PM GMT","Softly sloping green hills, with a view of mountains in the distance","A mirror","A lake","An ordinary house key","Walk right inside and explore"
"2023/11/16 3:34:22 PM GMT","Softly sloping green hills, with a view of mountains in the distance","A ring","A waterfall","A beautiful antique key","Look into the window"
"2023/11/16 4:24:04 PM GMT","Softly sloping green hills, with a view of mountains in the distance","A bottle","A waterfall","A small silver locker key","Look into the window"
"2023/11/16 4:30:19 PM GMT","Softly sloping green hills, with a view of mountains in the distance","A ring","A lake","A beautiful antique key","Look into the window"
"2023/11/16 4:50:08 PM GMT","Softly sloping green hills, with a view of mountains in the distance","A bottle","A lake","A small silver locker key","Walk away. You are not that interested"
"2023/11/16 5:03:00 PM GMT","Forest, so much forest that you can hardly see the sky","A ring","A waterfall","A small silver locker key","Walk right inside and explore"
"2023/11/16 5:05:36 PM GMT","Softly sloping green hills, with a view of mountains in the distance","A ring","A lake","A beautiful antique key","Look into the window"
"2023/11/16 5:06:46 PM GMT","Softly sloping green hills, with a view of mountains in the distance","A mirror","A lake","A beautiful antique key","Walk right inside and explore"
"2023/11/16 5:49:39 PM GMT","Forest, so much forest that you can hardly see the sky","A ring","A river","A beautiful antique key","Look into the window"
"2023/11/16 6:34:43 PM GMT","Forest, so much forest that you can hardly see the sky","A bottle","A waterfall","A beautiful antique key","Look into the window"
"2023/11/17 7:27:37 AM GMT","A yellow corn field against a brillant blue sky","A bottle","A lake","A beautiful antique key","Walk right inside and explore"
"2023/11/17 3:52:31 PM GMT","Forest, so much forest that you can hardly see the sky","A ring","A waterfall","A beautiful antique key","Walk right inside and explore"
"2023/11/17 6:48:32 PM GMT","Forest, so much forest that you can hardly see the sky","A mirror","A lake","A beautiful antique key","Walk right inside and explore"